<numbered>,1,2,3,4,5,6,7,8,9,10,11,12,13,14,15,16,17,18,19,20,21,22,23,24,25,26,27,28,29,30,31,32,33,34,35,36,37,38,39,40,41,42,43,44,45,46,47,48,49,50,51,52,53,54,55,56,57,58,59,60,61,62,63,64,65,66,67,68,69,70,71,72,73,74,75,76,77,78,79,80,81,82,83,84,85,86,87,88,89,90,91,92,93,94,95,96,97,98,99,100,101,102,103,104,105,106,107,108,109,110,111,112,113,114,115,116,117,118,119,120,121,122,123,124,125,126,127,128,129,130,131,132,133,134,135,136,137,138,139,140,141,142,143,144,145,146,147,148,149,150,151,152,153,154,155,156,157,158,159,160,161,162,163,164,165,166,167,168,169,170,171,172,173,174,175,176,177,178,179,180,181,182,183,184,185,186,187,188,189,190,191,192,193,194,195,196,197,198,199,200,201,202,203,204,205,206,207,208,209,210,211,212,213,214,215,216,217,218,219,220,221,222,223,224,225,226,227,228,229,230,231,232,233,234,235,236,237,238,239,240,241,242,243,244,245,246,247,248,249,250,251,252,253,254,255,256,257,258,259,260,261,262,263,264,265,266,267,268,269,270,271,272,273,274,275,276,277,278,279,280,281,282,283,284
,TBP,TR1081,National Grid YouPlan DC Pension Scheme,17,,,,,,,,,,,,,,,,,,,,,,,,,,,,,,,,,,,,,,,,,,,,,,,,,,,,,,,,,,,,,,,,,,,,,,,,,,,,,,,,,,,,,,,,,,,,,,,,,,,,,,,,,,,,,,,,,,,,,,,,,,,,,,,,,,,,,,,,,,,,,,,,,,,,,,,,,,,,,,,,,,,,,,,,,,,,,,,,,,,,,,,,,,,,,,,,,,,,,,,,,,,,,,,,,,,,,,,,,,,,,,,,,,,,,,,,,,,,,,,,,,,,,,,,,,,,,,,,,,,,,,,,,,,,,,,,,,,,,,,,
,ff80818146b9e0570146c8d3ea710017,AB230601A,Mrvalidationfortruncationuptothirty,Surnameone,Firstnameone Middlenameone,05/01/1985,Male,65,,Addressline1,Addressline2,Lothian,EH6 5ES,,,10000,,6,,3,,,26/05/2014,,,,,,,,,,,,,,,,,,,,,,,,,,,,,,,,,,,,,,,,,,,,,,,,,,,,,,,,,,,,,,,,,,,,,,,,,,,,,,,,,YouPlan Medium risk lifecycle strategy-10 years,100,,,,,,,,,,,,,,,,,,,,,,,,,,,,,,,,,,,,,,,,,,,,,,,,,,,,,,,,,,,,,,,,,,,,,,,,,,,,,,,,,YouPlan Medium risk lifecycle strategy-10 years,100,,,,,,,,,,,,,,,,,,,,,,,,,,,,,,,,,,,,,,,,,,,,,,,,,,,,,,,,,,,,,,,,,,,,,,,,,,,,,,,,,,,,NG Commercial Holdings Ltd,TBP,Y,N,,abc@xyz.com,,W,AB230601A,N,26/05/2014,15/05/2014,Unknown,N
,ff80818146b9e0570146c8d3ebf30018,AB230602A,Ms,Surnametwovalidationfortruncationup,Firstnametwo Middlenametwo,05/01/1985,Female,65,,Addressline1,Addressline2,Lothian,EH6 5ES,,,10000,,8,,4,,,26/05/2014,,,,,,,,,,,,,,,,,,,,,,,,,,,,,,,,,,,,,,,,,,,,,,,,,,,,,,,,,,,,,,,,,,,,,,,,,,,,,,,,,YouPlan Medium risk lifecycle strategy-10 years,100,,,,,,,,,,,,,,,,,,,,,,,,,,,,,,,,,,,,,,,,,,,,,,,,,,,,,,,,,,,,,,,,,,,,,,,,,,,,,,,,,YouPlan Medium risk lifecycle strategy-10 years,100,,,,,,,,,,,,,,,,,,,,,,,,,,,,,,,,,,,,,,,,,,,,,,,,,,,,,,,,,,,,,,,,,,,,,,,,,,,,,,,,,,,,National Grid Gas Plc,TBP,Y,Y,,abc@xyz.com,,W,AB230602A,N,26/05/2014,15/05/2014,Unknown,N
,ff80818146b9e0570146c8d3ec9f0019,AB230603A,Miss,Surnamethree,Firstnamethreevalidationfortru,05/01/1985,Male,65,,Addressline1,Addressline2,Lothian,EH6 5ES,,,10000,,10,,5,,,26/05/2014,,,,,,,,,,,,,,,,,,,,,,,,,,,,,,,,,,,,,,,,,,,,,,,,,,,,,,,,,,,,,,,,,,,,,,,,,,,,,,,,,YouPlan Medium risk lifecycle strategy-10 years,100,,,,,,,,,,,,,,,,,,,,,,,,,,,,,,,,,,,,,,,,,,,,,,,,,,,,,,,,,,,,,,,,,,,,,,,,,,,,,,,,,YouPlan Medium risk lifecycle strategy-10 years,100,,,,,,,,,,,,,,,,,,,,,,,,,,,,,,,,,,,,,,,,,,,,,,,,,,,,,,,,,,,,,,,,,,,,,,,,,,,,,,,,,,,,National Grid Metering Ltd,TBP,Y,N,,abc@xyz.com,,W,AB230603A,N,26/05/2014,15/05/2014,Unknown,N
,ff80818146b9e0570146c8d3ed0f001a,AB230604A,Prof,Surnamefour,Firstnamefour Middlenamefourva,05/01/1985,Female,65,,Addressline1,Addressline2,Lothian,EH6 5ES,,,10000,,6,,3,,,26/05/2014,,,,,,,,,,,,,,,,,,,,,,,,,,,,,,,,,,,,,,,,,,,,,,,,,,,,,,,,,,,,,,,,,,,,,,,,,,,,,,,,,YouPlan Medium risk lifecycle strategy-10 years,100,,,,,,,,,,,,,,,,,,,,,,,,,,,,,,,,,,,,,,,,,,,,,,,,,,,,,,,,,,,,,,,,,,,,,,,,,,,,,,,,,YouPlan Medium risk lifecycle strategy-10 years,100,,,,,,,,,,,,,,,,,,,,,,,,,,,,,,,,,,,,,,,,,,,,,,,,,,,,,,,,,,,,,,,,,,,,,,,,,,,,,,,,,,,,NG Property Holdings Ltd,TBP,Y,N,,abc@xyz.com,,W,AB230604A,N,26/05/2014,15/05/2014,Unknown,N
,ff80818146b9e0570146c8d3ed95001b,AB230605A,Prof,Surnamefive,Firstnamefive Middlenamefive,05/01/1985,Male,65,,Addressline1validationfortrunc,Addressline2,Lothian,EH6 5ES,,,10000,,8,,4,,,26/05/2014,,,,,,,,,,,,,,,,,,,,,,,,,,,,,,,,,,,,,,,,,,,,,,,,,,,,,,,,,,,,,,,,,,,,,,,,,,,,,,,,,YouPlan Medium risk lifecycle strategy-10 years,100,,,,,,,,,,,,,,,,,,,,,,,,,,,,,,,,,,,,,,,,,,,,,,,,,,,,,,,,,,,,,,,,,,,,,,,,,,,,,,,,,YouPlan Medium risk lifecycle strategy-10 years,100,,,,,,,,,,,,,,,,,,,,,,,,,,,,,,,,,,,,,,,,,,,,,,,,,,,,,,,,,,,,,,,,,,,,,,,,,,,,,,,,,,,,National Grid UK Ltd,TBP,Y,Y,,abc@xyz.com,,W,AB230605A,N,26/05/2014,15/05/2014,Unknown,N
,ff80818146b9e0570146c8d3ede6001c,AB230606A,Lord,Surnamefsix,Firstnamesix Middlenamesix,05/01/1985,Male,65,,Addressline1,Addressline2validationfortrunc,Lothian,EH6 5ES,,,10000,,10,,5,,,26/05/2014,,,,,,,,,,,,,,,,,,,,,,,,,,,,,,,,,,,,,,,,,,,,,,,,,,,,,,,,,,,,,,,,,,,,,,,,,,,,,,,,,YouPlan Medium risk lifecycle strategy-10 years,100,,,,,,,,,,,,,,,,,,,,,,,,,,,,,,,,,,,,,,,,,,,,,,,,,,,,,,,,,,,,,,,,,,,,,,,,,,,,,,,,,YouPlan Medium risk lifecycle strategy-10 years,100,,,,,,,,,,,,,,,,,,,,,,,,,,,,,,,,,,,,,,,,,,,,,,,,,,,,,,,,,,,,,,,,,,,,,,,,,,,,,,,,,,,,NG UK Pensions Services Ltd,TBP,Y,Y,,abc@xyz.com,,W,AB230606A,N,26/05/2014,15/05/2014,Unknown,N
,ff80818146b9e0570146c8d3ee65001d,AB230607A,Commander-In-Chief,Surnameseven,Firstnameseven Middlenameseven,05/01/1985,Male,65,,Addressline1,Addressline2,Lothianvalidationfortruncation,EH6 5ES,,,10000,,6,,3,,,26/05/2014,,,,,,,,,,,,,,,,,,,,,,,,,,,,,,,,,,,,,,,,,,,,,,,,,,,,,,,,,,,,,,,,,,,,,,,,,,,,,,,,,YouPlan Medium risk lifecycle strategy-10 years,100,,,,,,,,,,,,,,,,,,,,,,,,,,,,,,,,,,,,,,,,,,,,,,,,,,,,,,,,,,,,,,,,,,,,,,,,,,,,,,,,,YouPlan Medium risk lifecycle strategy-10 years,100,,,,,,,,,,,,,,,,,,,,,,,,,,,,,,,,,,,,,,,,,,,,,,,,,,,,,,,,,,,,,,,,,,,,,,,,,,,,,,,,,,,,xoserve Ltd,TBP,Y,N,,abc@xyz.com,,W,AB230607A,N,26/05/2014,15/05/2014,Unknown,N
,ff80818146b9e0570146c8d3eeda001e,AB230608A,Mr,Surnameeight,Firstnameeight Middlenameeight,05/01/1985,Male,65,,Addressline1,Addressline2,Lothian,EH6 5ES,004401312705572,004401312705572,10000,,8,,4,,,26/05/2014,,,,,,,,,,,,,,,,,,,,,,,,,,,,,,,,,,,,,,,,,,,,,,,,,,,,,,,,,,,,,,,,,,,,,,,,,,,,,,,,,YouPlan Medium risk lifecycle strategy-10 years,100,,,,,,,,,,,,,,,,,,,,,,,,,,,,,,,,,,,,,,,,,,,,,,,,,,,,,,,,,,,,,,,,,,,,,,,,,,,,,,,,,YouPlan Medium risk lifecycle strategy-10 years,100,,,,,,,,,,,,,,,,,,,,,,,,,,,,,,,,,,,,,,,,,,,,,,,,,,,,,,,,,,,,,,,,,,,,,,,,,,,,,,,,,,,,NG Electricity Transmission,TBP,Y,Y,,abc@xyz.com,,W,AB230608A,N,26/05/2014,15/05/2014,Unknown,N
,ff80818146b9e0570146c8d3efde0020,AB230610A,Miss,Surnameten,Firstnameten Middlenameten,05/01/1985,Male,65,,Addressline1,Addressline2,Lothian,EH6 5ES,,,10000.46,,6,,3,,,26/05/2014,,,,,,,,,,,,,,,,,,,,,,,,,,,,,,,,,,,,,,,,,,,,,,,,,,,,,,,,,,,,,,,,,,,,,,,,,,,,,,,,,YouPlan Medium risk lifecycle strategy-10 years,100,,,,,,,,,,,,,,,,,,,,,,,,,,,,,,,,,,,,,,,,,,,,,,,,,,,,,,,,,,,,,,,,,,,,,,,,,,,,,,,,,YouPlan Medium risk lifecycle strategy-10 years,100,,,,,,,,,,,,,,,,,,,,,,,,,,,,,,,,,,,,,,,,,,,,,,,,,,,,,,,,,,,,,,,,,,,,,,,,,,,,,,,,,,,,NG Commercial Holdings Ltd,TBP,Y,Y,,abc@xyz.com,,W,AB230610A,N,26/05/2014,15/05/2014,Unknown,N
,ff80818146b9e0570146c8d3f05a0021,AB230611A,Prof,Surnameeleven,Firstnameeleven Middlenameelev,05/01/1985,Female,65,,Addressline1,Addressline2,Lothian,EH6 5ES,,,10000,,8,,4,,,26/05/2014,,,,,,,,,,,,,,,,,,,,,,,,,,,,,,,,,,,,,,,,,,,,,,,,,,,,,,,,,,,,,,,,,,,,,,,,,,,,,,,,,YouPlan Medium risk lifecycle strategy-10 years,100,,,,,,,,,,,,,,,,,,,,,,,,,,,,,,,,,,,,,,,,,,,,,,,,,,,,,,,,,,,,,,,,,,,,,,,,,,,,,,,,,YouPlan Medium risk lifecycle strategy-10 years,100,,,,,,,,,,,,,,,,,,,,,,,,,,,,,,,,,,,,,,,,,,,,,,,,,,,,,,,,,,,,,,,,,,,,,,,,,,,,,,,,,,,,National Grid Gas Plc,TBP,Y,Y,,abc@xyz.com,,W,AB230611A,N,26/05/2014,15/05/2014,Unknown,N
,ff80818146b9e0570146c8d3f0aa0022,AB230612A,Dr,Surnametwelve,Firstnametwelve Middlenametwel,05/01/1985,Male,65,,Addressline1,Addressline2,Lothian,EH6 5ES,,,10000,,10,,5,,,26/05/2014,,,,,,,,,,,,,,,,,,,,,,,,,,,,,,,,,,,,,,,,,,,,,,,,,,,,,,,,,,,,,,,,,,,,,,,,,,,,,,,,,YouPlan Medium risk lifecycle strategy-10 years,100,,,,,,,,,,,,,,,,,,,,,,,,,,,,,,,,,,,,,,,,,,,,,,,,,,,,,,,,,,,,,,,,,,,,,,,,,,,,,,,,,YouPlan Medium risk lifecycle strategy-10 years,100,,,,,,,,,,,,,,,,,,,,,,,,,,,,,,,,,,,,,,,,,,,,,,,,,,,,,,,,,,,,,,,,,,,,,,,,,,,,,,,,,,,,National Grid Metering Ltd,TBP,Y,N,,abc@xyz.com,,W,AB230612A,N,26/05/2014,15/05/2014,Unknown,N
,ff80818146b9e0570146c8d3f1280023,AB230613A,Lord,Surnamethirteen,Firstnamethirteen Middlenameth,05/01/1985,Male,65,,Addressline1,Addressline2,Lothian,EH6 5ES,,,10000,,6,,3,,,26/05/2014,,,,,,,,,,,,,,,,,,,,,,,,,,,,,,,,,,,,,,,,,,,,,,,,,,,,,,,,,,,,,,,,,,,,,,,,,,,,,,,,,YouPlan Medium risk lifecycle strategy-10 years,100,,,,,,,,,,,,,,,,,,,,,,,,,,,,,,,,,,,,,,,,,,,,,,,,,,,,,,,,,,,,,,,,,,,,,,,,,,,,,,,,,YouPlan Medium risk lifecycle strategy-10 years,100,,,,,,,,,,,,,,,,,,,,,,,,,,,,,,,,,,,,,,,,,,,,,,,,,,,,,,,,,,,,,,,,,,,,,,,,,,,,,,,,,,,,NG Property Holdings Ltd,TBP,Y,Y,,abc@xyz.com,,W,AB230613A,N,26/05/2014,15/05/2014,Unknown,N
,ff80818146b9e0570146c8d3f1750024,AB230614A,Commander-In-Chief,Surnamefourteen,Firstnamefourteen Middlenamefo,05/01/1985,Male,65,,Addressline1,Addressline2,Lothian,EH6 5ES,,,10000,,8,,4,,,26/05/2014,,,,,,,,,,,,,,,,,,,,,,,,,,,,,,,,,,,,,,,,,,,,,,,,,,,,,,,,,,,,,,,,,,,,,,,,,,,,,,,,,YouPlan Medium risk lifecycle strategy-10 years,100,,,,,,,,,,,,,,,,,,,,,,,,,,,,,,,,,,,,,,,,,,,,,,,,,,,,,,,,,,,,,,,,,,,,,,,,,,,,,,,,,YouPlan Medium risk lifecycle strategy-10 years,100,,,,,,,,,,,,,,,,,,,,,,,,,,,,,,,,,,,,,,,,,,,,,,,,,,,,,,,,,,,,,,,,,,,,,,,,,,,,,,,,,,,,National Grid UK Ltd,TBP,Y,N,,,abc@xyz.com,H,AB230614A,N,26/05/2014,15/05/2014,Unknown,N
,ff80818146b9e0570146c8d3f1f70025,AB230615A,Mr,"Surn,ame""""fifteen""""","Firstname,fifteen """"Middle""""na",05/01/1985,Male,65,,Addressline1,Addressline2,Lothian,EH6 5ES,,,10000,,10,,5,,,26/05/2014,,,,,,,,,,,,,,,,,,,,,,,,,,,,,,,,,,,,,,,,,,,,,,,,,,,,,,,,,,,,,,,,,,,,,,,,,,,,,,,,,YouPlan Medium risk lifecycle strategy-10 years,100,,,,,,,,,,,,,,,,,,,,,,,,,,,,,,,,,,,,,,,,,,,,,,,,,,,,,,,,,,,,,,,,,,,,,,,,,,,,,,,,,YouPlan Medium risk lifecycle strategy-10 years,100,,,,,,,,,,,,,,,,,,,,,,,,,,,,,,,,,,,,,,,,,,,,,,,,,,,,,,,,,,,,,,,,,,,,,,,,,,,,,,,,,,,,NG UK Pensions Services Ltd,TBP,Y,N,,abc@xyz.com,,W,AB230615A,N,26/05/2014,15/05/2014,Unknown,N
,ff80818146b9e0570146c8d3f2670026,AB230616A,Ms,Surnamesixteen,Firstnamesixteen Middlenamesix,05/01/1985,Female,65,,1/2 Addressline1,"""""Address""""line2","Loth,ian",EH6 5ES,,,10000,,6,,3,,,26/05/2014,,,,,,,,,,,,,,,,,,,,,,,,,,,,,,,,,,,,,,,,,,,,,,,,,,,,,,,,,,,,,,,,,,,,,,,,,,,,,,,,,YouPlan Medium risk lifecycle strategy-10 years,100,,,,,,,,,,,,,,,,,,,,,,,,,,,,,,,,,,,,,,,,,,,,,,,,,,,,,,,,,,,,,,,,,,,,,,,,,,,,,,,,,YouPlan Medium risk lifecycle strategy-10 years,100,,,,,,,,,,,,,,,,,,,,,,,,,,,,,,,,,,,,,,,,,,,,,,,,,,,,,,,,,,,,,,,,,,,,,,,,,,,,,,,,,,,,xoserve Ltd,TBP,Y,Y,,abc@xyz.com,,W,AB230616A,N,26/05/2014,15/05/2014,Unknown,N
,ff80818146b9e0570146c8d3f3240027,AB230617A,Miss,Surnameseventeen,Firstnameseventeen Middlenames,05/01/1985,Male,65,,Addressline1,Addressline2,Lothian,EH6 5ES,,,10000,,8,,4,,,26/05/2014,,,,,,,,,,,,,,,,,,,,,,,,,,,,,,,,,,,,,,,,,,,,,,,,,,,,,,,,,,,,,,,,,,,,,,,,,,,,,,,,,YouPlan Medium risk lifecycle strategy-10 years,100,,,,,,,,,,,,,,,,,,,,,,,,,,,,,,,,,,,,,,,,,,,,,,,,,,,,,,,,,,,,,,,,,,,,,,,,,,,,,,,,,YouPlan Medium risk lifecycle strategy-10 years,100,,,,,,,,,,,,,,,,,,,,,,,,,,,,,,,,,,,,,,,,,,,,,,,,,,,,,,,,,,,,,,,,,,,,,,,,,,,,,,,,,,,,NG UK Pensions Services Ltd,TBP,Y,Y,,abc@xyz.com,,W,AB230617A,N,26/05/2014,15/05/2014,Unknown,N
,ff80818146b9e0570146c8d4043c0029,AB230619A,Dr,Surnamenineteen,Firstnamenineteen Middlenameni,05/01/1985,Male,65,,Addressline1,Addressline2,Lothian,EH6 5ES,,,10000,,6,,3,,,26/05/2014,BBFD,15,CCJF,20,JJPJ,20,,,,,,,,,,,,,,,,,,,,,,,,,,,,,,,,,,,,,,,,,,,,,,,,,,,,,,,,,,,,,,,,,,,,,,,,,,,YouPlan Higher risk lifecycle strategy,45,BBFD,15,CCJF,20,JJPJ,20,,,,,,,,,,,,,,,,,,,,,,,,,,,,,,,,,,,,,,,,,,,,,,,,,,,,,,,,,,,,,,,,,,,,,,,,,,,YouPlan Higher risk lifecycle strategy,45,,,,,,,,,,,,,,,,,,,,,,,,,,,,,,,,,,,,,,,,,,,,,,,,,,,,,,,,,,,,,,,,,,,,,,,,,,,,,,,,,,,,NG Commercial Holdings Ltd,TBP,Y,Y,,abc@xyz.com,,W,AB230619A,N,01/07/2014,15/07/2014,Unknown,Y
