Employee ID,Payroll Number,Title,Forename,Middle Name,Surname,Preferred Name,National Insurance Number,Job Grade,Job Title,Email Address,Gender,Date of Birth,Start Date,Continuous Service Date,Address Line 1,Address Line 2,Address Line 3,Annual Salary,Country,County,Date of Termination,Pension,Pensionable Salary,Postcode,Town,Employees Pension Pay Element Code,Employers Pension Pay Element Code,Payment Group
626111,626111,Mr,"A,Essdsligible",,AGTwo,Aacctse,TI626111A,Green,Cabin,tuitest1@standardlife.com,Male,08/08/1985,03/07/2014,03/07/2014,Test Add 1,Test Add 2,Test Add 3,400000,Scotland,London,,,1234.26,EH1 2DH,Town,,,GFRP2
626112,626112,Ms,BElisgdddible,,BGTwo,Bacctsedes,TI626112A,Blue,Cabin Crew,tuitest2@standardlife.com,Female,09/08/1977,03/07/2014,03/07/2014,Test Add 1,Test Add 2,Test Add 3,90000.249,Scotland,London,,,90000.249,EH1 2DH,Town,,,GFRP2
626113,626113,Miss,CEswsfligible,,CGTwoe,CAcctss,TI626113A,GMB,Cabin Manager,tuitest3@standardlife.com,Female,10/08/1986,03/07/2014,03/07/2014,Test Add 1,Test Add 2,Test Add 3,50000.256,Scotland,London,,,50000.256,EH1 2DH,Town,,,GFRP2
626114,626114,Mr,"D,Ewsdsligible",,DGTwo,Aacctse,TI626114A,FO,Cabin,tuitest1@standardlife.com,Male,08/08/1985,03/07/2014,03/07/2014,Test Add 1,Test Add 2,Test Add 3,400000,Scotland,London,,,1234.26,EH1 2DH,Town,,,GFRP2
626115,626115,Ms,EEligwdddible,,BEGTwo,Bacctsedes,TI626115A,CM>05,Cabin Crew,tuitest2@standardlife.com,Female,09/08/1977,03/07/2014,03/07/2014,Test Add 1,Test Add 2,Test Add 3,90000.249,Scotland,London,,,90000.249,EH1 2DH,Town,,,GFRP2
626116,626116,Miss,FEssfwligible,,FGTwoe,CAcctss,TI626116A,FO-0%,Cabin Manager,tuitest3@standardlife.com,Female,10/08/1986,03/07/2014,03/07/2014,Test Add 1,Test Add 2,Test Add 3,50000.256,Scotland,London,,,50000.256,EH1 2DH,Town,,,GFRP2
626117,626117,Mr,"G,Esdwsligible",,GGTwo,Aacctse,TI626117A,FO-50%,Cabin,tuitest1@standardlife.com,Male,08/08/1985,03/07/2014,03/07/2014,Test Add 1,Test Add 2,Test Add 3,400000,Scotland,London,,,1234.26,EH1 2DH,Town,,,GFRP2
626118,626118,Ms,HEligwdddible,,HGTwo,Bacctsedes,TI626118A,FO-75%,Cabin Crew,tuitest2@standardlife.com,Female,09/08/1977,03/07/2014,03/07/2014,Test Add 1,Test Add 2,Test Add 3,90000.249,Scotland,London,,,90000.249,EH1 2DH,Town,,,GFRP2
626119,626119,Miss,IEsswfligible,,IGTwoe,CAcctss,TI626119A,CC<96,Cabin Manager,tuitest3@standardlife.com,Female,10/08/1986,03/07/2014,03/07/2014,Test Add 1,Test Add 2,Test Add 3,50000.256,Scotland,London,,,50000.256,EH1 2DH,Town,,,GFRP2
626120,626120,Mr,"J,Eswdsligible",,JGTwo,Aacctse,TI626120A,CC<96,Cabin,tuitest1@standardlife.com,Male,08/08/1985,03/07/2014,03/07/2014,Test Add 1,Test Add 2,Test Add 3,400000,Scotland,London,,,1234.26,EH1 2DH,Town,,,GFRP2
626121,626121,Ms,KEliwgdddible,,KGTwo,Bacctsedes,TI626121A,CC<96,Cabin Crew,tuitest2@standardlife.com,Female,09/08/1977,03/07/2014,03/07/2014,Test Add 1,Test Add 2,Test Add 3,90000.249,Scotland,London,,,90000.249,EH1 2DH,Town,,,GFRP2
626122,626122,Miss,LEswsfligible,,LGTwoe,CAcctss,TI626122A,CC<96,Cabin Manager,tuitest3@standardlife.com,Female,10/08/1986,03/07/2014,03/07/2014,Test Add 1,Test Add 2,Test Add 3,50000.256,Scotland,London,,,50000.256,EH1 2DH,Town,,,GFRP2
