Employee ID,Payroll Number,Title,Forename,Middle Name,Surname,Preferred Name,National Insurance Number,Job Grade,Job Title,Email Address,Gender,Date of Birth,Start Date,Continuous Service Date,Address Line 1,Address Line 2,Address Line 3,Annual Salary,Country,County,Date of Termination,Pension,Pensionable Salary,Postcode,Town,Employees Pension Pay Element Code,Employers Pension Pay Element Code
130501,130501,Mr,"A""Eligible",,AGTwo,AAcct,TI266112A,Green,Cabin,tuitest1@standardlife.com,Male,08/08/1985,01/02/2014,01/02/2014,Test Add 1,Test Add 2,Test Add 3,1234.26,Scotland,London,,,1234.26,EH1 2DH,Town,,
130502,130502,Ms,"B""Eligible",,BG'Two,BAcct,TI266113A,Pink,Cabin Crew,tuitest2@standardlife.com,Female,09/08/1977,01/02/2014,01/02/2014,Test Add 1,Test Add 2,Test Add 3,90000.249,Scotland,London,,,90000.249,EH1 2DH,Town,,
130503,130503,Miss,"C""Eligible",,CGTwo,"C,Acct",TI266114A,Orange,Cabin Manager,tuitest3@standardlife.com,Female,10/08/1986,01/02/2014,01/02/2014,Test Add 1,Test Add 2,Test Add 3,50000.256,Scotland,London,,,50000.256,EH1 2DH,Town,,
130501,130501,Mr,"A""Eligible",,AGTwo,AAcct,TI266112A,Green,Cabin,tuitest1@standardlife.com,Male,08/08/1985,01/02/2014,01/02/2014,Test Add 1,Test Add 2,Test Add 3,1234.26,Scotland,London,,,1234.26,EH1 2DH,Town,,
130502,130502,Ms,"B""Eligible",,BG'Two,BAcct,TI266113A,Pink,Cabin Crew,tuitest2@standardlife.com,Female,09/08/1977,01/02/2014,01/02/2014,Test Add 1,Test Add 2,Test Add 3,90000.249,Scotland,London,,,90000.249,EH1 2DH,Town,,
130503,130503,Miss,"C""Eligible",,CGTwo,"C,Acct",TI266114A,Orange,Cabin Manager,tuitest3@standardlife.com,Female,10/08/1986,01/02/2014,01/02/2014,Test Add 1,Test Add 2,Test Add 3,50000.256,Scotland,London,,,50000.256,EH1 2DH,Town,,
130501,130501,Mr,"A""Eligible",,AGTwo,AAcct,TI266112A,Green,Cabin,tuitest1@standardlife.com,Male,08/08/1985,01/02/2014,01/02/2014,Test Add 1,Test Add 2,Test Add 3,1234.26,Scotland,London,,,1234.26,EH1 2DH,Town,,
130502,130502,Ms,"B""Eligible",,BG'Two,BAcct,TI266113A,Pink,Cabin Crew,tuitest2@standardlife.com,Female,09/08/1977,01/02/2014,01/02/2014,Test Add 1,Test Add 2,Test Add 3,90000.249,Scotland,London,,,90000.249,EH1 2DH,Town,,
130503,130503,Miss,"C""Eligible",,CGTwo,"C,Acct",TI266114A,Orange,Cabin Manager,tuitest3@standardlife.com,Female,10/08/1986,01/02/2014,01/02/2014,Test Add 1,Test Add 2,Test Add 3,50000.256,Scotland,London,,,50000.256,EH1 2DH,Town,,
130501,130501,Mr,"A""Eligible",,AGTwo,AAcct,TI266112A,Green,Cabin,tuitest1@standardlife.com,Male,08/08/1985,01/02/2014,01/02/2014,Test Add 1,Test Add 2,Test Add 3,1234.26,Scotland,London,,,1234.26,EH1 2DH,Town,,
130502,130502,Ms,"B""Eligible",,BG'Two,BAcct,TI266113A,Pink,Cabin Crew,tuitest2@standardlife.com,Female,09/08/1977,01/02/2014,01/02/2014,Test Add 1,Test Add 2,Test Add 3,90000.249,Scotland,London,,,90000.249,EH1 2DH,Town,,
130503,130503,Miss,"C""Eligible",,CGTwo,"C,Acct",TI266114A,Orange,Cabin Manager,tuitest3@standardlife.com,Female,10/08/1986,01/02/2014,01/02/2014,Test Add 1,Test Add 2,Test Add 3,50000.256,Scotland,London,,,50000.256,EH1 2DH,Town,,
130501,130501,Mr,"A""Eligible",,AGTwo,AAcct,TI266112A,Green,Cabin,tuitest1@standardlife.com,Male,08/08/1985,01/02/2014,01/02/2014,Test Add 1,Test Add 2,Test Add 3,1234.26,Scotland,London,,,1234.26,EH1 2DH,Town,,
130502,130502,Ms,"B""Eligible",,BG'Two,BAcct,TI266113A,Pink,Cabin Crew,tuitest2@standardlife.com,Female,09/08/1977,01/02/2014,01/02/2014,Test Add 1,Test Add 2,Test Add 3,90000.249,Scotland,London,,,90000.249,EH1 2DH,Town,,
130503,130503,Miss,"C""Eligible",,CGTwo,"C,Acct",TI266114A,Orange,Cabin Manager,tuitest3@standardlife.com,Female,10/08/1986,01/02/2014,01/02/2014,Test Add 1,Test Add 2,Test Add 3,50000.256,Scotland,London,,,50000.256,EH1 2DH,Town,,
130501,130501,Mr,"A""Eligible",,AGTwo,AAcct,TI266112A,Green,Cabin,tuitest1@standardlife.com,Male,08/08/1985,01/02/2014,01/02/2014,Test Add 1,Test Add 2,Test Add 3,1234.26,Scotland,London,,,1234.26,EH1 2DH,Town,,
130502,130502,Ms,"B""Eligible",,BG'Two,BAcct,TI266113A,Pink,Cabin Crew,tuitest2@standardlife.com,Female,09/08/1977,01/02/2014,01/02/2014,Test Add 1,Test Add 2,Test Add 3,90000.249,Scotland,London,,,90000.249,EH1 2DH,Town,,
130503,130503,Miss,"C""Eligible",,CGTwo,"C,Acct",TI266114A,Orange,Cabin Manager,tuitest3@standardlife.com,Female,10/08/1986,01/02/2014,01/02/2014,Test Add 1,Test Add 2,Test Add 3,50000.256,Scotland,London,,,50000.256,EH1 2DH,Town,,
130501,130501,Mr,"A""Eligible",,AGTwo,AAcct,TI266112A,Green,Cabin,tuitest1@standardlife.com,Male,08/08/1985,01/02/2014,01/02/2014,Test Add 1,Test Add 2,Test Add 3,1234.26,Scotland,London,,,1234.26,EH1 2DH,Town,,
130502,130502,Ms,"B""Eligible",,BG'Two,BAcct,TI266113A,Pink,Cabin Crew,tuitest2@standardlife.com,Female,09/08/1977,01/02/2014,01/02/2014,Test Add 1,Test Add 2,Test Add 3,90000.249,Scotland,London,,,90000.249,EH1 2DH,Town,,
130503,130503,Miss,"C""Eligible",,CGTwo,"C,Acct",TI266114A,Orange,Cabin Manager,tuitest3@standardlife.com,Female,10/08/1986,01/02/2014,01/02/2014,Test Add 1,Test Add 2,Test Add 3,50000.256,Scotland,London,,,50000.256,EH1 2DH,Town,,
130501,130501,Mr,"A""Eligible",,AGTwo,AAcct,TI266112A,Green,Cabin,tuitest1@standardlife.com,Male,08/08/1985,01/02/2014,01/02/2014,Test Add 1,Test Add 2,Test Add 3,1234.26,Scotland,London,,,1234.26,EH1 2DH,Town,,
130502,130502,Ms,"B""Eligible",,BG'Two,BAcct,TI266113A,Pink,Cabin Crew,tuitest2@standardlife.com,Female,09/08/1977,01/02/2014,01/02/2014,Test Add 1,Test Add 2,Test Add 3,90000.249,Scotland,London,,,90000.249,EH1 2DH,Town,,
130503,130503,Miss,"C""Eligible",,CGTwo,"C,Acct",TI266114A,Orange,Cabin Manager,tuitest3@standardlife.com,Female,10/08/1986,01/02/2014,01/02/2014,Test Add 1,Test Add 2,Test Add 3,50000.256,Scotland,London,,,50000.256,EH1 2DH,Town,,
130501,130501,Mr,"A""Eligible",,AGTwo,AAcct,TI266112A,Green,Cabin,tuitest1@standardlife.com,Male,08/08/1985,01/02/2014,01/02/2014,Test Add 1,Test Add 2,Test Add 3,1234.26,Scotland,London,,,1234.26,EH1 2DH,Town,,
130502,130502,Ms,"B""Eligible",,BG'Two,BAcct,TI266113A,Pink,Cabin Crew,tuitest2@standardlife.com,Female,09/08/1977,01/02/2014,01/02/2014,Test Add 1,Test Add 2,Test Add 3,90000.249,Scotland,London,,,90000.249,EH1 2DH,Town,,
130503,130503,Miss,"C""Eligible",,CGTwo,"C,Acct",TI266114A,Orange,Cabin Manager,tuitest3@standardlife.com,Female,10/08/1986,01/02/2014,01/02/2014,Test Add 1,Test Add 2,Test Add 3,50000.256,Scotland,London,,,50000.256,EH1 2DH,Town,,
130501,130501,Mr,"A""Eligible",,AGTwo,AAcct,TI266112A,Green,Cabin,tuitest1@standardlife.com,Male,08/08/1985,01/02/2014,01/02/2014,Test Add 1,Test Add 2,Test Add 3,1234.26,Scotland,London,,,1234.26,EH1 2DH,Town,,
130502,130502,Ms,"B""Eligible",,BG'Two,BAcct,TI266113A,Pink,Cabin Crew,tuitest2@standardlife.com,Female,09/08/1977,01/02/2014,01/02/2014,Test Add 1,Test Add 2,Test Add 3,90000.249,Scotland,London,,,90000.249,EH1 2DH,Town,,
130503,130503,Miss,"C""Eligible",,CGTwo,"C,Acct",TI266114A,Orange,Cabin Manager,tuitest3@standardlife.com,Female,10/08/1986,01/02/2014,01/02/2014,Test Add 1,Test Add 2,Test Add 3,50000.256,Scotland,London,,,50000.256,EH1 2DH,Town,,
130501,130501,Mr,"A""Eligible",,AGTwo,AAcct,TI266112A,Green,Cabin,tuitest1@standardlife.com,Male,08/08/1985,01/02/2014,01/02/2014,Test Add 1,Test Add 2,Test Add 3,1234.26,Scotland,London,,,1234.26,EH1 2DH,Town,,
130502,130502,Ms,"B""Eligible",,BG'Two,BAcct,TI266113A,Pink,Cabin Crew,tuitest2@standardlife.com,Female,09/08/1977,01/02/2014,01/02/2014,Test Add 1,Test Add 2,Test Add 3,90000.249,Scotland,London,,,90000.249,EH1 2DH,Town,,
130503,130503,Miss,"C""Eligible",,CGTwo,"C,Acct",TI266114A,Orange,Cabin Manager,tuitest3@standardlife.com,Female,10/08/1986,01/02/2014,01/02/2014,Test Add 1,Test Add 2,Test Add 3,50000.256,Scotland,London,,,50000.256,EH1 2DH,Town,,
130501,130501,Mr,"A""Eligible",,AGTwo,AAcct,TI266112A,Green,Cabin,tuitest1@standardlife.com,Male,08/08/1985,01/02/2014,01/02/2014,Test Add 1,Test Add 2,Test Add 3,1234.26,Scotland,London,,,1234.26,EH1 2DH,Town,,
130502,130502,Ms,"B""Eligible",,BG'Two,BAcct,TI266113A,Pink,Cabin Crew,tuitest2@standardlife.com,Female,09/08/1977,01/02/2014,01/02/2014,Test Add 1,Test Add 2,Test Add 3,90000.249,Scotland,London,,,90000.249,EH1 2DH,Town,,
130503,130503,Miss,"C""Eligible",,CGTwo,"C,Acct",TI266114A,Orange,Cabin Manager,tuitest3@standardlife.com,Female,10/08/1986,01/02/2014,01/02/2014,Test Add 1,Test Add 2,Test Add 3,50000.256,Scotland,London,,,50000.256,EH1 2DH,Town,,
130501,130501,Mr,"A""Eligible",,AGTwo,AAcct,TI266112A,Green,Cabin,tuitest1@standardlife.com,Male,08/08/1985,01/02/2014,01/02/2014,Test Add 1,Test Add 2,Test Add 3,1234.26,Scotland,London,,,1234.26,EH1 2DH,Town,,
130502,130502,Ms,"B""Eligible",,BG'Two,BAcct,TI266113A,Pink,Cabin Crew,tuitest2@standardlife.com,Female,09/08/1977,01/02/2014,01/02/2014,Test Add 1,Test Add 2,Test Add 3,90000.249,Scotland,London,,,90000.249,EH1 2DH,Town,,
130503,130503,Miss,"C""Eligible",,CGTwo,"C,Acct",TI266114A,Orange,Cabin Manager,tuitest3@standardlife.com,Female,10/08/1986,01/02/2014,01/02/2014,Test Add 1,Test Add 2,Test Add 3,50000.256,Scotland,London,,,50000.256,EH1 2DH,Town,,
130501,130501,Mr,"A""Eligible",,AGTwo,AAcct,TI266112A,Green,Cabin,tuitest1@standardlife.com,Male,08/08/1985,01/02/2014,01/02/2014,Test Add 1,Test Add 2,Test Add 3,1234.26,Scotland,London,,,1234.26,EH1 2DH,Town,,
130502,130502,Ms,"B""Eligible",,BG'Two,BAcct,TI266113A,Pink,Cabin Crew,tuitest2@standardlife.com,Female,09/08/1977,01/02/2014,01/02/2014,Test Add 1,Test Add 2,Test Add 3,90000.249,Scotland,London,,,90000.249,EH1 2DH,Town,,
130503,130503,Miss,"C""Eligible",,CGTwo,"C,Acct",TI266114A,Orange,Cabin Manager,tuitest3@standardlife.com,Female,10/08/1986,01/02/2014,01/02/2014,Test Add 1,Test Add 2,Test Add 3,50000.256,Scotland,London,,,50000.256,EH1 2DH,Town,,
130501,130501,Mr,"A""Eligible",,AGTwo,AAcct,TI266112A,Green,Cabin,tuitest1@standardlife.com,Male,08/08/1985,01/02/2014,01/02/2014,Test Add 1,Test Add 2,Test Add 3,1234.26,Scotland,London,,,1234.26,EH1 2DH,Town,,
130502,130502,Ms,"B""Eligible",,BG'Two,BAcct,TI266113A,Pink,Cabin Crew,tuitest2@standardlife.com,Female,09/08/1977,01/02/2014,01/02/2014,Test Add 1,Test Add 2,Test Add 3,90000.249,Scotland,London,,,90000.249,EH1 2DH,Town,,
130503,130503,Miss,"C""Eligible",,CGTwo,"C,Acct",TI266114A,Orange,Cabin Manager,tuitest3@standardlife.com,Female,10/08/1986,01/02/2014,01/02/2014,Test Add 1,Test Add 2,Test Add 3,50000.256,Scotland,London,,,50000.256,EH1 2DH,Town,,
130501,130501,Mr,"A""Eligible",,AGTwo,AAcct,TI266112A,Green,Cabin,tuitest1@standardlife.com,Male,08/08/1985,01/02/2014,01/02/2014,Test Add 1,Test Add 2,Test Add 3,1234.26,Scotland,London,,,1234.26,EH1 2DH,Town,,
130502,130502,Ms,"B""Eligible",,BG'Two,BAcct,TI266113A,Pink,Cabin Crew,tuitest2@standardlife.com,Female,09/08/1977,01/02/2014,01/02/2014,Test Add 1,Test Add 2,Test Add 3,90000.249,Scotland,London,,,90000.249,EH1 2DH,Town,,
130503,130503,Miss,"C""Eligible",,CGTwo,"C,Acct",TI266114A,Orange,Cabin Manager,tuitest3@standardlife.com,Female,10/08/1986,01/02/2014,01/02/2014,Test Add 1,Test Add 2,Test Add 3,50000.256,Scotland,London,,,50000.256,EH1 2DH,Town,,
