29090101,RR909001A,Aaa,Mr,,AutoAAa,M,22051960,15072014,15072014,SKY-G3,CSA2,111056,110260,11112014,OCS38,47,Lincoln Avenue,Knightswood,Glasgow,G13 3RH,David.O'Neill@O2.COM,QG3 8EP,7850485760,19,37.5,A,,,,,L,,,Hourly,25,76.5,,,,N,,,N
29090102,RR909002A,Bbb,Mr,,AutoBBb,M,20051961,15072014,15072014,HMP-NW,A10-R,111161,110261,11112014,OCDDPI,48,Oxford & Cambridge Mansions,Transept Street,Marlebourne,NW1 5EJ,Daran.Akintola@O2.COM,NW3 1QE,,16,38,A,,,,,L,,,Hourly,25,96,,,,N,,,N
29090103,RR909003A,Ccc,Mr,,AutoCCc,M,20051962,15072014,15072014,MPS-MY,RCGS2O,111013,110262,12012014,OCDDGJ,49,Lincoln Avenue,Knightswood,Bedford,MK40 3DU,John.Cain@O2.COM,MK4 1SY,0779 3856861,37.5,37.5,A,,,,,L,,Employee + Partner,Daily,29.5,30.5,,,,N,,,N
29090104,RR909004A,Ddd,Miss,,AutoDDd,F,12051963,15072014,15072014,THM-BL,A10-R,111161,110263,11112014,OCDDSS,50,Oxford & Cambridge Mansions,Transept Street,Leeds,BL8 1BR,Katie.Astin@o2.com,BL9 1QQ,7703820070,20,38,A,,,,,L,,,Hourly,23,106,,,,N,,,N
29090105,RR909005A,Eee,Dr,,AutoEEe,M,20051977,15072014,15072014,ARL-LS,MPG2,111189,110264,14012014,OCS331,51,Lincoln Avenue,Knightswood,Edinburgh,BD7 4LQ,a@O2.COM,LS1 1ER,,37,37,A,,,,,L,,Family,Hourly,29.5,225,,,,N,,,N
29090106,RR909006A,Fff,Mrs,,AutoFFf,F,20051965,15072014,15072014,THM-BL,A10-R,111161,110265,15012014,OCDDSS,52,Oxford & Cambridge Mansions,Transept Street,London,BL8 1BR,b@o2.com,BL9 1QQ,7703820070,20,38,A,,,,,L,,,Hourly,23,106,,,,N,,,N
29090107,RR909007A,Ggg,Mr,,AutoGGg,M,20041966,15072014,15072014,ARL-LS,MPG2,111189,110266,16012014,OCS331,53,Lincoln Avenue,Knightswood,Luton,BD7 4LQ,c@O2.COM,LS1 1ER,,37,37,A,,,,,L,,Family,Hourly,29.5,225,,,,N,,,N
29090108,RR909008A,Hhh,Ms,,AutoHHh,F,20051967,15072014,15072014,THM-BL,A10-R,111161,110267,17012014,OCDDSS,54,Oxford & Cambridge Mansions,Transept Street,Ilford,BL8 1BR,d@o2.com,BL9 1QQ,7703820070,20,38,A,,,,,L,,,Hourly,23,106,,,,N,,,N
29090109,RR909009A,Iii,Mr,,AutoIIi,M,15051968,15072014,15072014,ARL-LS,MPG2,111189,110268,18012014,OCS331,55,Lincoln Avenue,Knightswood,BRADFORD,BD7 4LQ,e@O2.COM,LS1 1ER,,37,37,A,,,,,L,,Family,Hourly,29.5,225,,,,N,,,N
29090110,RR909010A,Jjj,Dr,,AutoJJj,F,20071969,15072014,15072014,THM-BL,A10-R,111161,110269,19012014,OCDDSS,56,Oxford & Cambridge Mansions,Transept Street,bury,BL8 1BR,f@o2.com,BL9 1QQ,7703820070,20,38,A,,,,,L,,,Hourly,23,106,,,,N,,,N
