Benefit Name,Choice,Effective Date,Staff Number,Units,Value
,SalarySacrifice,01/07/2014,29991101,EmployeePercent,2
Section 1 Pension,,01/07/2014,29991102,EmployeePercent,3
Section 1 Pension,SalarySacrifice,,29991103,EmployeePercent,4
Section 1 Pension,SalarySacrifice,01/07/2014,,EmployeePercent,5
Section 1 Pension,SalarySacrifice,01/07/2014,29991105,,6
Section 1 Pension,SalarySacrifice,01/07/2014,29991106,EmployeePercent,
Section 1 Pension,SalarySacrifice,01/07/2014,29991107,EmployeePercent,8
section123,SalarySacrifice,01/07/2014,29991108,EmployeePercent,9
Section 1 Pension,NonSalarySacrifice,01/07/2014,29991109,EmployeePercent,10
Section 1 Pension,sssdss,01/07/2014,29991110,EmployeePercent,11
